teamA,teamB,offensiveRatingDifference,defensiveRatingDifference,totalScoreDifference,assistDifference,turnoverDifference,result
TorontoRaptors,OklahomaCityThunder,0.0,0.0,0.0,0.0,0.0,1
TorontoRaptors,OrlandoMagic,0.0,0.0,0.0,0.0,0.0,0
TorontoRaptors,MemphisGrizzlies,0.0,0.0,0.0,0.0,0.0,0
TorontoRaptors,LosAngelesLakers,0.0,0.0,0.0,0.0,0.0,1
TorontoRaptors,SacramentoKings,0.0,0.0,0.0,0.0,0.0,0
TorontoRaptors,MiamiHeat,0.0,0.0,0.0,0.0,0.0,1
TorontoRaptors,CharlotteHornets,0.0,0.0,0.0,0.0,0.0,1
TorontoRaptors,DallasMavericks,0.0,0.0,0.0,0.0,0.0,1
TorontoRaptors,PortlandTrailblazers,0.0,0.0,0.0,0.0,0.0,1
TorontoRaptors,DetroitPistons,0.0,0.0,0.0,0.0,0.0,0
TorontoRaptors,AtlantaHawks,0.0,0.0,0.0,0.0,0.0,0
TorontoRaptors,BrooklynNets,0.0,0.0,0.0,0.0,0.0,1
TorontoRaptors,GoldenStateWarriors,0.0,0.0,0.0,0.0,0.0,1
TorontoRaptors,NewOrleansPelicans,0.0,0.0,0.0,0.0,0.0,1
TorontoRaptors,BostonCeltics,0.0,0.0,0.0,0.0,0.0,1
TorontoRaptors,PhoenixSuns,0.0,0.0,0.0,0.0,0.0,0
TorontoRaptors,NewYorkKnicks,0.0,0.0,0.0,0.0,0.0,1
TorontoRaptors,ClevelandCavaliers,0.0,0.0,0.0,0.0,0.0,1
TorontoRaptors,IndianaPacers,0.0,0.0,0.0,0.0,0.0,0
TorontoRaptors,DenverNuggets,0.0,0.0,0.0,0.0,0.0,1
TorontoRaptors,HoustonRockets,0.0,0.0,0.0,0.0,0.0,0
TorontoRaptors,UtahJazz,0.0,0.0,0.0,0.0,0.0,1
TorontoRaptors,SanAntonioSpurs,0.0,0.0,0.0,0.0,0.0,1
TorontoRaptors,Philadelphia76ers,0.0,0.0,0.0,0.0,0.0,0
TorontoRaptors,ChicagoBulls,0.0,0.0,0.0,0.0,0.0,0
TorontoRaptors,WashingtonWizards,0.0,0.0,0.0,0.0,0.0,1
TorontoRaptors,MilwaukeeBucks,0.0,0.0,0.0,0.0,0.0,0
TorontoRaptors,LosAngelesClippers,0.0,0.0,0.0,0.0,0.0,1
OklahomaCityThunder,TorontoRaptors,0.0,0.0,0.0,0.0,0.0,0
OklahomaCityThunder,OrlandoMagic,0.0,0.0,0.0,0.0,0.0,1
OklahomaCityThunder,MemphisGrizzlies,0.0,0.0,0.0,0.0,0.0,0
OklahomaCityThunder,LosAngelesLakers,0.0,0.0,0.0,0.0,0.0,1
OklahomaCityThunder,SacramentoKings,0.0,0.0,0.0,0.0,0.0,0
OklahomaCityThunder,MiamiHeat,0.0,0.0,0.0,0.0,0.0,0
OklahomaCityThunder,CharlotteHornets,0.0,0.0,0.0,0.0,0.0,0
OklahomaCityThunder,DallasMavericks,0.0,0.0,0.0,0.0,0.0,0
OklahomaCityThunder,PortlandTrailblazers,0.0,0.0,0.0,0.0,0.0,1
OklahomaCityThunder,DetroitPistons,0.0,0.0,0.0,0.0,0.0,1
OklahomaCityThunder,AtlantaHawks,0.0,0.0,0.0,0.0,0.0,1
OklahomaCityThunder,BrooklynNets,0.0,0.0,0.0,0.0,0.0,1
OklahomaCityThunder,GoldenStateWarriors,0.0,0.0,0.0,0.0,0.0,0
OklahomaCityThunder,NewOrleansPelicans,0.0,0.0,0.0,0.0,0.0,0
OklahomaCityThunder,BostonCeltics,0.0,0.0,0.0,0.0,0.0,1
OklahomaCityThunder,PhoenixSuns,0.0,0.0,0.0,0.0,0.0,1
OklahomaCityThunder,NewYorkKnicks,0.0,0.0,0.0,0.0,0.0,1
OklahomaCityThunder,ClevelandCavaliers,0.0,0.0,0.0,0.0,0.0,1
OklahomaCityThunder,IndianaPacers,0.0,0.0,0.0,0.0,0.0,1
OklahomaCityThunder,DenverNuggets,0.0,0.0,0.0,0.0,0.0,0
OklahomaCityThunder,HoustonRockets,0.0,0.0,0.0,0.0,0.0,1
OklahomaCityThunder,UtahJazz,0.0,0.0,0.0,0.0,0.0,1
OklahomaCityThunder,SanAntonioSpurs,0.0,0.0,0.0,0.0,0.0,0
OklahomaCityThunder,Philadelphia76ers,0.0,0.0,0.0,0.0,0.0,1
OklahomaCityThunder,ChicagoBulls,0.0,0.0,0.0,0.0,0.0,1
OklahomaCityThunder,WashingtonWizards,0.0,0.0,0.0,0.0,0.0,0
OklahomaCityThunder,MilwaukeeBucks,0.0,0.0,0.0,0.0,0.0,0
OklahomaCityThunder,LosAngelesClippers,0.0,0.0,0.0,0.0,0.0,1
OrlandoMagic,TorontoRaptors,0.0,0.0,0.0,0.0,0.0,0
OrlandoMagic,OklahomaCityThunder,0.0,0.0,0.0,0.0,0.0,1
OrlandoMagic,MemphisGrizzlies,0.0,0.0,0.0,0.0,0.0,1
OrlandoMagic,LosAngelesLakers,0.0,0.0,0.0,0.0,0.0,0
OrlandoMagic,SacramentoKings,0.0,0.0,0.0,0.0,0.0,1
OrlandoMagic,MiamiHeat,0.0,0.0,0.0,0.0,0.0,1
OrlandoMagic,CharlotteHornets,0.0,0.0,0.0,0.0,0.0,0
OrlandoMagic,DallasMavericks,0.0,0.0,0.0,0.0,0.0,0
OrlandoMagic,PortlandTrailblazers,0.0,0.0,0.0,0.0,0.0,1
OrlandoMagic,DetroitPistons,0.0,0.0,0.0,0.0,0.0,1
OrlandoMagic,AtlantaHawks,0.0,0.0,0.0,0.0,0.0,1
OrlandoMagic,BrooklynNets,0.0,0.0,0.0,0.0,0.0,1
OrlandoMagic,GoldenStateWarriors,0.0,0.0,0.0,0.0,0.0,0
OrlandoMagic,NewOrleansPelicans,0.0,0.0,0.0,0.0,0.0,0
OrlandoMagic,BostonCeltics,0.0,0.0,0.0,0.0,0.0,1
OrlandoMagic,PhoenixSuns,0.0,0.0,0.0,0.0,0.0,0
OrlandoMagic,NewYorkKnicks,0.0,0.0,0.0,0.0,0.0,1
OrlandoMagic,ClevelandCavaliers,0.0,0.0,0.0,0.0,0.0,1
OrlandoMagic,IndianaPacers,0.0,0.0,0.0,0.0,0.0,1
OrlandoMagic,DenverNuggets,0.0,0.0,0.0,0.0,0.0,0
OrlandoMagic,HoustonRockets,0.0,0.0,0.0,0.0,0.0,0
OrlandoMagic,UtahJazz,0.0,0.0,0.0,0.0,0.0,1
OrlandoMagic,SanAntonioSpurs,0.0,0.0,0.0,0.0,0.0,1
OrlandoMagic,Philadelphia76ers,0.0,0.0,0.0,0.0,0.0,0
OrlandoMagic,ChicagoBulls,0.0,0.0,0.0,0.0,0.0,1
OrlandoMagic,WashingtonWizards,0.0,0.0,0.0,0.0,0.0,1
OrlandoMagic,MilwaukeeBucks,0.0,0.0,0.0,0.0,0.0,0
OrlandoMagic,LosAngelesClippers,0.0,0.0,0.0,0.0,0.0,1
MemphisGrizzlies,TorontoRaptors,0.0,0.0,0.0,0.0,0.0,0
MemphisGrizzlies,OklahomaCityThunder,0.0,0.0,0.0,0.0,0.0,0
MemphisGrizzlies,OrlandoMagic,0.0,0.0,0.0,0.0,0.0,1
MemphisGrizzlies,LosAngelesLakers,0.0,0.0,0.0,0.0,0.0,1
MemphisGrizzlies,SacramentoKings,0.0,0.0,0.0,0.0,0.0,0
MemphisGrizzlies,MiamiHeat,0.0,0.0,0.0,0.0,0.0,0
MemphisGrizzlies,CharlotteHornets,0.0,0.0,0.0,0.0,0.0,1
MemphisGrizzlies,DallasMavericks,0.0,0.0,0.0,0.0,0.0,0
MemphisGrizzlies,PortlandTrailblazers,0.0,0.0,0.0,0.0,0.0,1
MemphisGrizzlies,DetroitPistons,0.0,0.0,0.0,0.0,0.0,0
MemphisGrizzlies,AtlantaHawks,0.0,0.0,0.0,0.0,0.0,1
MemphisGrizzlies,BrooklynNets,0.0,0.0,0.0,0.0,0.0,0
MemphisGrizzlies,GoldenStateWarriors,0.0,0.0,0.0,0.0,0.0,1
MemphisGrizzlies,NewOrleansPelicans,0.0,0.0,0.0,0.0,0.0,1
MemphisGrizzlies,BostonCeltics,0.0,0.0,0.0,0.0,0.0,1
MemphisGrizzlies,PhoenixSuns,0.0,0.0,0.0,0.0,0.0,1
MemphisGrizzlies,NewYorkKnicks,0.0,0.0,0.0,0.0,0.0,0
MemphisGrizzlies,ClevelandCavaliers,0.0,0.0,0.0,0.0,0.0,1
MemphisGrizzlies,IndianaPacers,0.0,0.0,0.0,0.0,0.0,1
MemphisGrizzlies,DenverNuggets,0.0,0.0,0.0,0.0,0.0,0
MemphisGrizzlies,HoustonRockets,0.0,0.0,0.0,0.0,0.0,0
MemphisGrizzlies,UtahJazz,0.0,0.0,0.0,0.0,0.0,1
MemphisGrizzlies,SanAntonioSpurs,0.0,0.0,0.0,0.0,0.0,1
MemphisGrizzlies,Philadelphia76ers,0.0,0.0,0.0,0.0,0.0,1
MemphisGrizzlies,ChicagoBulls,0.0,0.0,0.0,0.0,0.0,1
MemphisGrizzlies,WashingtonWizards,0.0,0.0,0.0,0.0,0.0,0
MemphisGrizzlies,MilwaukeeBucks,0.0,0.0,0.0,0.0,0.0,0
MemphisGrizzlies,LosAngelesClippers,0.0,0.0,0.0,0.0,0.0,0
LosAngelesLakers,TorontoRaptors,0.0,0.0,0.0,0.0,0.0,0
LosAngelesLakers,OklahomaCityThunder,0.0,0.0,0.0,0.0,0.0,1
LosAngelesLakers,OrlandoMagic,0.0,0.0,0.0,0.0,0.0,1
LosAngelesLakers,MemphisGrizzlies,0.0,0.0,0.0,0.0,0.0,0
LosAngelesLakers,SacramentoKings,0.0,0.0,0.0,0.0,0.0,1
LosAngelesLakers,MiamiHeat,0.0,0.0,0.0,0.0,0.0,0
LosAngelesLakers,CharlotteHornets,0.0,0.0,0.0,0.0,0.0,0
LosAngelesLakers,DallasMavericks,0.0,0.0,0.0,0.0,0.0,0
LosAngelesLakers,PortlandTrailblazers,0.0,0.0,0.0,0.0,0.0,1
LosAngelesLakers,DetroitPistons,0.0,0.0,0.0,0.0,0.0,1
LosAngelesLakers,AtlantaHawks,0.0,0.0,0.0,0.0,0.0,0
LosAngelesLakers,BrooklynNets,0.0,0.0,0.0,0.0,0.0,0
LosAngelesLakers,GoldenStateWarriors,0.0,0.0,0.0,0.0,0.0,0
LosAngelesLakers,NewOrleansPelicans,0.0,0.0,0.0,0.0,0.0,0
LosAngelesLakers,BostonCeltics,0.0,0.0,0.0,0.0,0.0,0
LosAngelesLakers,PhoenixSuns,0.0,0.0,0.0,0.0,0.0,0
LosAngelesLakers,NewYorkKnicks,0.0,0.0,0.0,0.0,0.0,0
LosAngelesLakers,ClevelandCavaliers,0.0,0.0,0.0,0.0,0.0,0
LosAngelesLakers,IndianaPacers,0.0,0.0,0.0,0.0,0.0,0
LosAngelesLakers,DenverNuggets,0.0,0.0,0.0,0.0,0.0,0
LosAngelesLakers,HoustonRockets,0.0,0.0,0.0,0.0,0.0,1
LosAngelesLakers,UtahJazz,0.0,0.0,0.0,0.0,0.0,1
LosAngelesLakers,SanAntonioSpurs,0.0,0.0,0.0,0.0,0.0,1
LosAngelesLakers,Philadelphia76ers,0.0,0.0,0.0,0.0,0.0,1
LosAngelesLakers,ChicagoBulls,0.0,0.0,0.0,0.0,0.0,1
LosAngelesLakers,WashingtonWizards,0.0,0.0,0.0,0.0,0.0,0
LosAngelesLakers,MilwaukeeBucks,0.0,0.0,0.0,0.0,0.0,0
LosAngelesLakers,LosAngelesClippers,0.0,0.0,0.0,0.0,0.0,0
SacramentoKings,TorontoRaptors,0.0,0.0,0.0,0.0,0.0,1
SacramentoKings,OklahomaCityThunder,0.0,0.0,0.0,0.0,0.0,0
SacramentoKings,OrlandoMagic,0.0,0.0,0.0,0.0,0.0,0
SacramentoKings,MemphisGrizzlies,0.0,0.0,0.0,0.0,0.0,1
SacramentoKings,LosAngelesLakers,0.0,0.0,0.0,0.0,0.0,1
SacramentoKings,MiamiHeat,0.0,0.0,0.0,0.0,0.0,0
SacramentoKings,CharlotteHornets,0.0,0.0,0.0,0.0,0.0,0
SacramentoKings,DallasMavericks,0.0,0.0,0.0,0.0,0.0,1
SacramentoKings,PortlandTrailblazers,0.0,0.0,0.0,0.0,0.0,1
SacramentoKings,DetroitPistons,0.0,0.0,0.0,0.0,0.0,1
SacramentoKings,AtlantaHawks,0.0,0.0,0.0,0.0,0.0,1
SacramentoKings,BrooklynNets,0.0,0.0,0.0,0.0,0.0,0
SacramentoKings,GoldenStateWarriors,0.0,0.0,0.0,0.0,0.0,0
SacramentoKings,NewOrleansPelicans,0.0,0.0,0.0,0.0,0.0,0
SacramentoKings,BostonCeltics,0.0,0.0,0.0,0.0,0.0,1
SacramentoKings,PhoenixSuns,0.0,0.0,0.0,0.0,0.0,1
SacramentoKings,NewYorkKnicks,0.0,0.0,0.0,0.0,0.0,0
SacramentoKings,ClevelandCavaliers,0.0,0.0,0.0,0.0,0.0,0
SacramentoKings,IndianaPacers,0.0,0.0,0.0,0.0,0.0,0
SacramentoKings,DenverNuggets,0.0,0.0,0.0,0.0,0.0,0
SacramentoKings,HoustonRockets,0.0,0.0,0.0,0.0,0.0,1
SacramentoKings,UtahJazz,0.0,0.0,0.0,0.0,0.0,0
SacramentoKings,SanAntonioSpurs,0.0,0.0,0.0,0.0,0.0,0
SacramentoKings,Philadelphia76ers,0.0,0.0,0.0,0.0,0.0,0
SacramentoKings,ChicagoBulls,0.0,0.0,0.0,0.0,0.0,0
SacramentoKings,WashingtonWizards,0.0,0.0,0.0,0.0,0.0,1
SacramentoKings,MilwaukeeBucks,0.0,0.0,0.0,0.0,0.0,0
SacramentoKings,LosAngelesClippers,0.0,0.0,0.0,0.0,0.0,0
MiamiHeat,TorontoRaptors,0.0,0.0,0.0,0.0,0.0,0
MiamiHeat,OklahomaCityThunder,0.0,0.0,0.0,0.0,0.0,0
MiamiHeat,OrlandoMagic,0.0,0.0,0.0,0.0,0.0,1
MiamiHeat,MemphisGrizzlies,0.0,0.0,0.0,0.0,0.0,1
MiamiHeat,LosAngelesLakers,0.0,0.0,0.0,0.0,0.0,1
MiamiHeat,SacramentoKings,0.0,0.0,0.0,0.0,0.0,0
MiamiHeat,CharlotteHornets,0.0,0.0,0.0,0.0,0.0,1
MiamiHeat,DallasMavericks,0.0,0.0,0.0,0.0,0.0,1
MiamiHeat,PortlandTrailblazers,0.0,0.0,0.0,0.0,0.0,0
MiamiHeat,DetroitPistons,0.0,0.0,0.0,0.0,0.0,1
MiamiHeat,AtlantaHawks,0.0,0.0,0.0,0.0,0.0,0
MiamiHeat,BrooklynNets,0.0,0.0,0.0,0.0,0.0,0
MiamiHeat,GoldenStateWarriors,0.0,0.0,0.0,0.0,0.0,1
MiamiHeat,NewOrleansPelicans,0.0,0.0,0.0,0.0,0.0,0
MiamiHeat,BostonCeltics,0.0,0.0,0.0,0.0,0.0,1
MiamiHeat,PhoenixSuns,0.0,0.0,0.0,0.0,0.0,1
MiamiHeat,NewYorkKnicks,0.0,0.0,0.0,0.0,0.0,1
MiamiHeat,ClevelandCavaliers,0.0,0.0,0.0,0.0,0.0,0
MiamiHeat,IndianaPacers,0.0,0.0,0.0,0.0,0.0,1
MiamiHeat,DenverNuggets,0.0,0.0,0.0,0.0,0.0,0
MiamiHeat,HoustonRockets,0.0,0.0,0.0,0.0,0.0,1
MiamiHeat,UtahJazz,0.0,0.0,0.0,0.0,0.0,1
MiamiHeat,SanAntonioSpurs,0.0,0.0,0.0,0.0,0.0,1
MiamiHeat,Philadelphia76ers,0.0,0.0,0.0,0.0,0.0,0
MiamiHeat,ChicagoBulls,0.0,0.0,0.0,0.0,0.0,0
MiamiHeat,WashingtonWizards,0.0,0.0,0.0,0.0,0.0,0
MiamiHeat,MilwaukeeBucks,0.0,0.0,0.0,0.0,0.0,0
MiamiHeat,LosAngelesClippers,0.0,0.0,0.0,0.0,0.0,1
CharlotteHornets,TorontoRaptors,0.0,0.0,0.0,0.0,0.0,1
CharlotteHornets,OklahomaCityThunder,0.0,0.0,0.0,0.0,0.0,0
CharlotteHornets,OrlandoMagic,0.0,0.0,0.0,0.0,0.0,0
CharlotteHornets,MemphisGrizzlies,0.0,0.0,0.0,0.0,0.0,1
CharlotteHornets,LosAngelesLakers,0.0,0.0,0.0,0.0,0.0,0
CharlotteHornets,SacramentoKings,0.0,0.0,0.0,0.0,0.0,1
CharlotteHornets,MiamiHeat,0.0,0.0,0.0,0.0,0.0,0
CharlotteHornets,DallasMavericks,0.0,0.0,0.0,0.0,0.0,0
CharlotteHornets,PortlandTrailblazers,0.0,0.0,0.0,0.0,0.0,1
CharlotteHornets,DetroitPistons,0.0,0.0,0.0,0.0,0.0,1
CharlotteHornets,AtlantaHawks,0.0,0.0,0.0,0.0,0.0,1
CharlotteHornets,BrooklynNets,0.0,0.0,0.0,0.0,0.0,1
CharlotteHornets,GoldenStateWarriors,0.0,0.0,0.0,0.0,0.0,1
CharlotteHornets,NewOrleansPelicans,0.0,0.0,0.0,0.0,0.0,1
CharlotteHornets,BostonCeltics,0.0,0.0,0.0,0.0,0.0,0
CharlotteHornets,PhoenixSuns,0.0,0.0,0.0,0.0,0.0,1
CharlotteHornets,NewYorkKnicks,0.0,0.0,0.0,0.0,0.0,0
CharlotteHornets,ClevelandCavaliers,0.0,0.0,0.0,0.0,0.0,1
CharlotteHornets,IndianaPacers,0.0,0.0,0.0,0.0,0.0,0
CharlotteHornets,DenverNuggets,0.0,0.0,0.0,0.0,0.0,0
CharlotteHornets,HoustonRockets,0.0,0.0,0.0,0.0,0.0,1
CharlotteHornets,UtahJazz,0.0,0.0,0.0,0.0,0.0,1
CharlotteHornets,SanAntonioSpurs,0.0,0.0,0.0,0.0,0.0,1
CharlotteHornets,Philadelphia76ers,0.0,0.0,0.0,0.0,0.0,1
CharlotteHornets,ChicagoBulls,0.0,0.0,0.0,0.0,0.0,0
CharlotteHornets,WashingtonWizards,0.0,0.0,0.0,0.0,0.0,0
CharlotteHornets,MilwaukeeBucks,0.0,0.0,0.0,0.0,0.0,1
CharlotteHornets,LosAngelesClippers,0.0,0.0,0.0,0.0,0.0,0
DallasMavericks,TorontoRaptors,0.0,0.0,0.0,0.0,0.0,1
DallasMavericks,OklahomaCityThunder,0.0,0.0,0.0,0.0,0.0,1
DallasMavericks,OrlandoMagic,0.0,0.0,0.0,0.0,0.0,0
DallasMavericks,MemphisGrizzlies,0.0,0.0,0.0,0.0,0.0,1
DallasMavericks,LosAngelesLakers,0.0,0.0,0.0,0.0,0.0,0
DallasMavericks,SacramentoKings,0.0,0.0,0.0,0.0,0.0,0
DallasMavericks,MiamiHeat,0.0,0.0,0.0,0.0,0.0,0
DallasMavericks,CharlotteHornets,0.0,0.0,0.0,0.0,0.0,0
DallasMavericks,PortlandTrailblazers,0.0,0.0,0.0,0.0,0.0,0
DallasMavericks,DetroitPistons,0.0,0.0,0.0,0.0,0.0,0
DallasMavericks,AtlantaHawks,0.0,0.0,0.0,0.0,0.0,0
DallasMavericks,BrooklynNets,0.0,0.0,0.0,0.0,0.0,0
DallasMavericks,GoldenStateWarriors,0.0,0.0,0.0,0.0,0.0,0
DallasMavericks,NewOrleansPelicans,0.0,0.0,0.0,0.0,0.0,1
DallasMavericks,BostonCeltics,0.0,0.0,0.0,0.0,0.0,1
DallasMavericks,PhoenixSuns,0.0,0.0,0.0,0.0,0.0,0
DallasMavericks,NewYorkKnicks,0.0,0.0,0.0,0.0,0.0,0
DallasMavericks,ClevelandCavaliers,0.0,0.0,0.0,0.0,0.0,1
DallasMavericks,IndianaPacers,0.0,0.0,0.0,0.0,0.0,1
DallasMavericks,DenverNuggets,0.0,0.0,0.0,0.0,0.0,0
DallasMavericks,HoustonRockets,0.0,0.0,0.0,0.0,0.0,1
DallasMavericks,UtahJazz,0.0,0.0,0.0,0.0,0.0,1
DallasMavericks,SanAntonioSpurs,0.0,0.0,0.0,0.0,0.0,1
DallasMavericks,Philadelphia76ers,0.0,0.0,0.0,0.0,0.0,0
DallasMavericks,ChicagoBulls,0.0,0.0,0.0,0.0,0.0,0
DallasMavericks,WashingtonWizards,0.0,0.0,0.0,0.0,0.0,1
DallasMavericks,MilwaukeeBucks,0.0,0.0,0.0,0.0,0.0,1
DallasMavericks,LosAngelesClippers,0.0,0.0,0.0,0.0,0.0,0
PortlandTrailblazers,TorontoRaptors,0.0,0.0,0.0,0.0,0.0,0
PortlandTrailblazers,OklahomaCityThunder,0.0,0.0,0.0,0.0,0.0,0
PortlandTrailblazers,OrlandoMagic,0.0,0.0,0.0,0.0,0.0,0
PortlandTrailblazers,MemphisGrizzlies,0.0,0.0,0.0,0.0,0.0,0
PortlandTrailblazers,LosAngelesLakers,0.0,0.0,0.0,0.0,0.0,0
PortlandTrailblazers,SacramentoKings,0.0,0.0,0.0,0.0,0.0,1
PortlandTrailblazers,MiamiHeat,0.0,0.0,0.0,0.0,0.0,0
PortlandTrailblazers,CharlotteHornets,0.0,0.0,0.0,0.0,0.0,0
PortlandTrailblazers,DallasMavericks,0.0,0.0,0.0,0.0,0.0,0
PortlandTrailblazers,DetroitPistons,0.0,0.0,0.0,0.0,0.0,0
PortlandTrailblazers,AtlantaHawks,0.0,0.0,0.0,0.0,0.0,0
PortlandTrailblazers,BrooklynNets,0.0,0.0,0.0,0.0,0.0,1
PortlandTrailblazers,GoldenStateWarriors,0.0,0.0,0.0,0.0,0.0,1
PortlandTrailblazers,NewOrleansPelicans,0.0,0.0,0.0,0.0,0.0,1
PortlandTrailblazers,BostonCeltics,0.0,0.0,0.0,0.0,0.0,0
PortlandTrailblazers,PhoenixSuns,0.0,0.0,0.0,0.0,0.0,0
PortlandTrailblazers,NewYorkKnicks,0.0,0.0,0.0,0.0,0.0,0
PortlandTrailblazers,ClevelandCavaliers,0.0,0.0,0.0,0.0,0.0,0
PortlandTrailblazers,IndianaPacers,0.0,0.0,0.0,0.0,0.0,0
PortlandTrailblazers,DenverNuggets,0.0,0.0,0.0,0.0,0.0,1
PortlandTrailblazers,HoustonRockets,0.0,0.0,0.0,0.0,0.0,0
PortlandTrailblazers,UtahJazz,0.0,0.0,0.0,0.0,0.0,0
PortlandTrailblazers,SanAntonioSpurs,0.0,0.0,0.0,0.0,0.0,1
PortlandTrailblazers,Philadelphia76ers,0.0,0.0,0.0,0.0,0.0,0
PortlandTrailblazers,ChicagoBulls,0.0,0.0,0.0,0.0,0.0,1
PortlandTrailblazers,WashingtonWizards,0.0,0.0,0.0,0.0,0.0,1
PortlandTrailblazers,MilwaukeeBucks,0.0,0.0,0.0,0.0,0.0,1
PortlandTrailblazers,LosAngelesClippers,0.0,0.0,0.0,0.0,0.0,1
DetroitPistons,TorontoRaptors,0.0,0.0,0.0,0.0,0.0,0
DetroitPistons,OklahomaCityThunder,0.0,0.0,0.0,0.0,0.0,1
DetroitPistons,OrlandoMagic,0.0,0.0,0.0,0.0,0.0,1
DetroitPistons,MemphisGrizzlies,0.0,0.0,0.0,0.0,0.0,0
DetroitPistons,LosAngelesLakers,0.0,0.0,0.0,0.0,0.0,1
DetroitPistons,SacramentoKings,0.0,0.0,0.0,0.0,0.0,1
DetroitPistons,MiamiHeat,0.0,0.0,0.0,0.0,0.0,0
DetroitPistons,CharlotteHornets,0.0,0.0,0.0,0.0,0.0,0
DetroitPistons,DallasMavericks,0.0,0.0,0.0,0.0,0.0,1
DetroitPistons,PortlandTrailblazers,0.0,0.0,0.0,0.0,0.0,1
DetroitPistons,AtlantaHawks,0.0,0.0,0.0,0.0,0.0,0
DetroitPistons,BrooklynNets,0.0,0.0,0.0,0.0,0.0,0
DetroitPistons,GoldenStateWarriors,0.0,0.0,0.0,0.0,0.0,1
DetroitPistons,NewOrleansPelicans,0.0,0.0,0.0,0.0,0.0,1
DetroitPistons,BostonCeltics,0.0,0.0,0.0,0.0,0.0,0
DetroitPistons,PhoenixSuns,0.0,0.0,0.0,0.0,0.0,0
DetroitPistons,NewYorkKnicks,0.0,0.0,0.0,0.0,0.0,1
DetroitPistons,ClevelandCavaliers,0.0,0.0,0.0,0.0,0.0,0
DetroitPistons,IndianaPacers,0.0,0.0,0.0,0.0,0.0,1
DetroitPistons,DenverNuggets,0.0,0.0,0.0,0.0,0.0,1
DetroitPistons,HoustonRockets,0.0,0.0,0.0,0.0,0.0,0
DetroitPistons,UtahJazz,0.0,0.0,0.0,0.0,0.0,1
DetroitPistons,SanAntonioSpurs,0.0,0.0,0.0,0.0,0.0,0
DetroitPistons,Philadelphia76ers,0.0,0.0,0.0,0.0,0.0,0
DetroitPistons,ChicagoBulls,0.0,0.0,0.0,0.0,0.0,0
DetroitPistons,WashingtonWizards,0.0,0.0,0.0,0.0,0.0,1
DetroitPistons,MilwaukeeBucks,0.0,0.0,0.0,0.0,0.0,1
DetroitPistons,LosAngelesClippers,0.0,0.0,0.0,0.0,0.0,0
AtlantaHawks,TorontoRaptors,0.0,0.0,0.0,0.0,0.0,0
AtlantaHawks,OklahomaCityThunder,0.0,0.0,0.0,0.0,0.0,1
AtlantaHawks,OrlandoMagic,0.0,0.0,0.0,0.0,0.0,0
AtlantaHawks,MemphisGrizzlies,0.0,0.0,0.0,0.0,0.0,1
AtlantaHawks,LosAngelesLakers,0.0,0.0,0.0,0.0,0.0,0
AtlantaHawks,SacramentoKings,0.0,0.0,0.0,0.0,0.0,0
AtlantaHawks,MiamiHeat,0.0,0.0,0.0,0.0,0.0,1
AtlantaHawks,CharlotteHornets,0.0,0.0,0.0,0.0,0.0,0
AtlantaHawks,DallasMavericks,0.0,0.0,0.0,0.0,0.0,0
AtlantaHawks,PortlandTrailblazers,0.0,0.0,0.0,0.0,0.0,0
AtlantaHawks,DetroitPistons,0.0,0.0,0.0,0.0,0.0,0
AtlantaHawks,BrooklynNets,0.0,0.0,0.0,0.0,0.0,0
AtlantaHawks,GoldenStateWarriors,0.0,0.0,0.0,0.0,0.0,0
AtlantaHawks,NewOrleansPelicans,0.0,0.0,0.0,0.0,0.0,0
AtlantaHawks,BostonCeltics,0.0,0.0,0.0,0.0,0.0,0
AtlantaHawks,PhoenixSuns,0.0,0.0,0.0,0.0,0.0,0
AtlantaHawks,NewYorkKnicks,0.0,0.0,0.0,0.0,0.0,1
AtlantaHawks,ClevelandCavaliers,0.0,0.0,0.0,0.0,0.0,1
AtlantaHawks,IndianaPacers,0.0,0.0,0.0,0.0,0.0,0
AtlantaHawks,DenverNuggets,0.0,0.0,0.0,0.0,0.0,0
AtlantaHawks,HoustonRockets,0.0,0.0,0.0,0.0,0.0,0
AtlantaHawks,UtahJazz,0.0,0.0,0.0,0.0,0.0,1
AtlantaHawks,SanAntonioSpurs,0.0,0.0,0.0,0.0,0.0,0
AtlantaHawks,Philadelphia76ers,0.0,0.0,0.0,0.0,0.0,1
AtlantaHawks,ChicagoBulls,0.0,0.0,0.0,0.0,0.0,1
AtlantaHawks,WashingtonWizards,0.0,0.0,0.0,0.0,0.0,1
AtlantaHawks,MilwaukeeBucks,0.0,0.0,0.0,0.0,0.0,1
AtlantaHawks,LosAngelesClippers,0.0,0.0,0.0,0.0,0.0,0
BrooklynNets,TorontoRaptors,0.0,0.0,0.0,0.0,0.0,1
BrooklynNets,OklahomaCityThunder,0.0,0.0,0.0,0.0,0.0,1
BrooklynNets,OrlandoMagic,0.0,0.0,0.0,0.0,0.0,1
BrooklynNets,MemphisGrizzlies,0.0,0.0,0.0,0.0,0.0,1
BrooklynNets,LosAngelesLakers,0.0,0.0,0.0,0.0,0.0,0
BrooklynNets,SacramentoKings,0.0,0.0,0.0,0.0,0.0,0
BrooklynNets,MiamiHeat,0.0,0.0,0.0,0.0,0.0,1
BrooklynNets,CharlotteHornets,0.0,0.0,0.0,0.0,0.0,1
BrooklynNets,DallasMavericks,0.0,0.0,0.0,0.0,0.0,0
BrooklynNets,PortlandTrailblazers,0.0,0.0,0.0,0.0,0.0,1
BrooklynNets,DetroitPistons,0.0,0.0,0.0,0.0,0.0,0
BrooklynNets,AtlantaHawks,0.0,0.0,0.0,0.0,0.0,0
BrooklynNets,GoldenStateWarriors,0.0,0.0,0.0,0.0,0.0,0
BrooklynNets,NewOrleansPelicans,0.0,0.0,0.0,0.0,0.0,1
BrooklynNets,BostonCeltics,0.0,0.0,0.0,0.0,0.0,1
BrooklynNets,PhoenixSuns,0.0,0.0,0.0,0.0,0.0,0
BrooklynNets,NewYorkKnicks,0.0,0.0,0.0,0.0,0.0,1
BrooklynNets,ClevelandCavaliers,0.0,0.0,0.0,0.0,0.0,0
BrooklynNets,IndianaPacers,0.0,0.0,0.0,0.0,0.0,1
BrooklynNets,DenverNuggets,0.0,0.0,0.0,0.0,0.0,0
BrooklynNets,HoustonRockets,0.0,0.0,0.0,0.0,0.0,1
BrooklynNets,UtahJazz,0.0,0.0,0.0,0.0,0.0,0
BrooklynNets,SanAntonioSpurs,0.0,0.0,0.0,0.0,0.0,0
BrooklynNets,Philadelphia76ers,0.0,0.0,0.0,0.0,0.0,1
BrooklynNets,ChicagoBulls,0.0,0.0,0.0,0.0,0.0,0
BrooklynNets,WashingtonWizards,0.0,0.0,0.0,0.0,0.0,0
BrooklynNets,MilwaukeeBucks,0.0,0.0,0.0,0.0,0.0,0
BrooklynNets,LosAngelesClippers,0.0,0.0,0.0,0.0,0.0,1
GoldenStateWarriors,TorontoRaptors,0.0,0.0,0.0,0.0,0.0,0
GoldenStateWarriors,OklahomaCityThunder,0.0,0.0,0.0,0.0,0.0,0
GoldenStateWarriors,OrlandoMagic,0.0,0.0,0.0,0.0,0.0,0
GoldenStateWarriors,MemphisGrizzlies,0.0,0.0,0.0,0.0,0.0,1
GoldenStateWarriors,LosAngelesLakers,0.0,0.0,0.0,0.0,0.0,1
GoldenStateWarriors,SacramentoKings,0.0,0.0,0.0,0.0,0.0,1
GoldenStateWarriors,MiamiHeat,0.0,0.0,0.0,0.0,0.0,0
GoldenStateWarriors,CharlotteHornets,0.0,0.0,0.0,0.0,0.0,1
GoldenStateWarriors,DallasMavericks,0.0,0.0,0.0,0.0,0.0,0
GoldenStateWarriors,PortlandTrailblazers,0.0,0.0,0.0,0.0,0.0,1
GoldenStateWarriors,DetroitPistons,0.0,0.0,0.0,0.0,0.0,0
GoldenStateWarriors,AtlantaHawks,0.0,0.0,0.0,0.0,0.0,1
GoldenStateWarriors,BrooklynNets,0.0,0.0,0.0,0.0,0.0,1
GoldenStateWarriors,NewOrleansPelicans,0.0,0.0,0.0,0.0,0.0,1
GoldenStateWarriors,BostonCeltics,0.0,0.0,0.0,0.0,0.0,1
GoldenStateWarriors,PhoenixSuns,0.0,0.0,0.0,0.0,0.0,1
GoldenStateWarriors,NewYorkKnicks,0.0,0.0,0.0,0.0,0.0,0
GoldenStateWarriors,ClevelandCavaliers,0.0,0.0,0.0,0.0,0.0,0
GoldenStateWarriors,IndianaPacers,0.0,0.0,0.0,0.0,0.0,1
GoldenStateWarriors,DenverNuggets,0.0,0.0,0.0,0.0,0.0,0
GoldenStateWarriors,HoustonRockets,0.0,0.0,0.0,0.0,0.0,1
GoldenStateWarriors,UtahJazz,0.0,0.0,0.0,0.0,0.0,1
GoldenStateWarriors,SanAntonioSpurs,0.0,0.0,0.0,0.0,0.0,0
GoldenStateWarriors,Philadelphia76ers,0.0,0.0,0.0,0.0,0.0,1
GoldenStateWarriors,ChicagoBulls,0.0,0.0,0.0,0.0,0.0,0
GoldenStateWarriors,WashingtonWizards,0.0,0.0,0.0,0.0,0.0,1
GoldenStateWarriors,MilwaukeeBucks,0.0,0.0,0.0,0.0,0.0,0
GoldenStateWarriors,LosAngelesClippers,0.0,0.0,0.0,0.0,0.0,1
NewOrleansPelicans,TorontoRaptors,0.0,0.0,0.0,0.0,0.0,0
NewOrleansPelicans,OklahomaCityThunder,0.0,0.0,0.0,0.0,0.0,1
NewOrleansPelicans,OrlandoMagic,0.0,0.0,0.0,0.0,0.0,1
NewOrleansPelicans,MemphisGrizzlies,0.0,0.0,0.0,0.0,0.0,0
NewOrleansPelicans,LosAngelesLakers,0.0,0.0,0.0,0.0,0.0,1
NewOrleansPelicans,SacramentoKings,0.0,0.0,0.0,0.0,0.0,1
NewOrleansPelicans,MiamiHeat,0.0,0.0,0.0,0.0,0.0,1
NewOrleansPelicans,CharlotteHornets,0.0,0.0,0.0,0.0,0.0,1
NewOrleansPelicans,DallasMavericks,0.0,0.0,0.0,0.0,0.0,1
NewOrleansPelicans,PortlandTrailblazers,0.0,0.0,0.0,0.0,0.0,0
NewOrleansPelicans,DetroitPistons,0.0,0.0,0.0,0.0,0.0,1
NewOrleansPelicans,AtlantaHawks,0.0,0.0,0.0,0.0,0.0,1
NewOrleansPelicans,BrooklynNets,0.0,0.0,0.0,0.0,0.0,1
NewOrleansPelicans,GoldenStateWarriors,0.0,0.0,0.0,0.0,0.0,1
NewOrleansPelicans,BostonCeltics,0.0,0.0,0.0,0.0,0.0,0
NewOrleansPelicans,PhoenixSuns,0.0,0.0,0.0,0.0,0.0,1
NewOrleansPelicans,NewYorkKnicks,0.0,0.0,0.0,0.0,0.0,0
NewOrleansPelicans,ClevelandCavaliers,0.0,0.0,0.0,0.0,0.0,1
NewOrleansPelicans,IndianaPacers,0.0,0.0,0.0,0.0,0.0,1
NewOrleansPelicans,DenverNuggets,0.0,0.0,0.0,0.0,0.0,0
NewOrleansPelicans,HoustonRockets,0.0,0.0,0.0,0.0,0.0,1
NewOrleansPelicans,UtahJazz,0.0,0.0,0.0,0.0,0.0,0
NewOrleansPelicans,SanAntonioSpurs,0.0,0.0,0.0,0.0,0.0,1
NewOrleansPelicans,Philadelphia76ers,0.0,0.0,0.0,0.0,0.0,1
NewOrleansPelicans,ChicagoBulls,0.0,0.0,0.0,0.0,0.0,1
NewOrleansPelicans,WashingtonWizards,0.0,0.0,0.0,0.0,0.0,0
NewOrleansPelicans,MilwaukeeBucks,0.0,0.0,0.0,0.0,0.0,1
NewOrleansPelicans,LosAngelesClippers,0.0,0.0,0.0,0.0,0.0,1
BostonCeltics,TorontoRaptors,0.0,0.0,0.0,0.0,0.0,1
BostonCeltics,OklahomaCityThunder,0.0,0.0,0.0,0.0,0.0,1
BostonCeltics,OrlandoMagic,0.0,0.0,0.0,0.0,0.0,1
BostonCeltics,MemphisGrizzlies,0.0,0.0,0.0,0.0,0.0,0
BostonCeltics,LosAngelesLakers,0.0,0.0,0.0,0.0,0.0,1
BostonCeltics,SacramentoKings,0.0,0.0,0.0,0.0,0.0,0
BostonCeltics,MiamiHeat,0.0,0.0,0.0,0.0,0.0,0
BostonCeltics,CharlotteHornets,0.0,0.0,0.0,0.0,0.0,0
BostonCeltics,DallasMavericks,0.0,0.0,0.0,0.0,0.0,0
BostonCeltics,PortlandTrailblazers,0.0,0.0,0.0,0.0,0.0,0
BostonCeltics,DetroitPistons,0.0,0.0,0.0,0.0,0.0,1
BostonCeltics,AtlantaHawks,0.0,0.0,0.0,0.0,0.0,1
BostonCeltics,BrooklynNets,0.0,0.0,0.0,0.0,0.0,1
BostonCeltics,GoldenStateWarriors,0.0,0.0,0.0,0.0,0.0,0
BostonCeltics,NewOrleansPelicans,0.0,0.0,0.0,0.0,0.0,1
BostonCeltics,PhoenixSuns,0.0,0.0,0.0,0.0,0.0,0
BostonCeltics,NewYorkKnicks,0.0,0.0,0.0,0.0,0.0,1
BostonCeltics,ClevelandCavaliers,0.0,0.0,0.0,0.0,0.0,0
BostonCeltics,IndianaPacers,0.0,0.0,0.0,0.0,0.0,0
BostonCeltics,DenverNuggets,0.0,0.0,0.0,0.0,0.0,1
BostonCeltics,HoustonRockets,0.0,0.0,0.0,0.0,0.0,0
BostonCeltics,UtahJazz,0.0,0.0,0.0,0.0,0.0,0
BostonCeltics,SanAntonioSpurs,0.0,0.0,0.0,0.0,0.0,1
BostonCeltics,Philadelphia76ers,0.0,0.0,0.0,0.0,0.0,0
BostonCeltics,ChicagoBulls,0.0,0.0,0.0,0.0,0.0,0
BostonCeltics,WashingtonWizards,0.0,0.0,0.0,0.0,0.0,0
BostonCeltics,MilwaukeeBucks,0.0,0.0,0.0,0.0,0.0,0
BostonCeltics,LosAngelesClippers,0.0,0.0,0.0,0.0,0.0,0
PhoenixSuns,TorontoRaptors,0.0,0.0,0.0,0.0,0.0,1
PhoenixSuns,OklahomaCityThunder,0.0,0.0,0.0,0.0,0.0,0
PhoenixSuns,OrlandoMagic,0.0,0.0,0.0,0.0,0.0,0
PhoenixSuns,MemphisGrizzlies,0.0,0.0,0.0,0.0,0.0,1
PhoenixSuns,LosAngelesLakers,0.0,0.0,0.0,0.0,0.0,0
PhoenixSuns,SacramentoKings,0.0,0.0,0.0,0.0,0.0,1
PhoenixSuns,MiamiHeat,0.0,0.0,0.0,0.0,0.0,0
PhoenixSuns,CharlotteHornets,0.0,0.0,0.0,0.0,0.0,1
PhoenixSuns,DallasMavericks,0.0,0.0,0.0,0.0,0.0,1
PhoenixSuns,PortlandTrailblazers,0.0,0.0,0.0,0.0,0.0,1
PhoenixSuns,DetroitPistons,0.0,0.0,0.0,0.0,0.0,1
PhoenixSuns,AtlantaHawks,0.0,0.0,0.0,0.0,0.0,0
PhoenixSuns,BrooklynNets,0.0,0.0,0.0,0.0,0.0,0
PhoenixSuns,GoldenStateWarriors,0.0,0.0,0.0,0.0,0.0,1
PhoenixSuns,NewOrleansPelicans,0.0,0.0,0.0,0.0,0.0,1
PhoenixSuns,BostonCeltics,0.0,0.0,0.0,0.0,0.0,0
PhoenixSuns,NewYorkKnicks,0.0,0.0,0.0,0.0,0.0,1
PhoenixSuns,ClevelandCavaliers,0.0,0.0,0.0,0.0,0.0,1
PhoenixSuns,IndianaPacers,0.0,0.0,0.0,0.0,0.0,0
PhoenixSuns,DenverNuggets,0.0,0.0,0.0,0.0,0.0,1
PhoenixSuns,HoustonRockets,0.0,0.0,0.0,0.0,0.0,0
PhoenixSuns,UtahJazz,0.0,0.0,0.0,0.0,0.0,1
PhoenixSuns,SanAntonioSpurs,0.0,0.0,0.0,0.0,0.0,0
PhoenixSuns,Philadelphia76ers,0.0,0.0,0.0,0.0,0.0,1
PhoenixSuns,ChicagoBulls,0.0,0.0,0.0,0.0,0.0,1
PhoenixSuns,WashingtonWizards,0.0,0.0,0.0,0.0,0.0,0
PhoenixSuns,MilwaukeeBucks,0.0,0.0,0.0,0.0,0.0,1
PhoenixSuns,LosAngelesClippers,0.0,0.0,0.0,0.0,0.0,1
NewYorkKnicks,TorontoRaptors,0.0,0.0,0.0,0.0,0.0,1
NewYorkKnicks,OklahomaCityThunder,0.0,0.0,0.0,0.0,0.0,1
NewYorkKnicks,OrlandoMagic,0.0,0.0,0.0,0.0,0.0,0
NewYorkKnicks,MemphisGrizzlies,0.0,0.0,0.0,0.0,0.0,0
NewYorkKnicks,LosAngelesLakers,0.0,0.0,0.0,0.0,0.0,0
NewYorkKnicks,SacramentoKings,0.0,0.0,0.0,0.0,0.0,0
NewYorkKnicks,MiamiHeat,0.0,0.0,0.0,0.0,0.0,0
NewYorkKnicks,CharlotteHornets,0.0,0.0,0.0,0.0,0.0,1
NewYorkKnicks,DallasMavericks,0.0,0.0,0.0,0.0,0.0,0
NewYorkKnicks,PortlandTrailblazers,0.0,0.0,0.0,0.0,0.0,0
NewYorkKnicks,DetroitPistons,0.0,0.0,0.0,0.0,0.0,1
NewYorkKnicks,AtlantaHawks,0.0,0.0,0.0,0.0,0.0,0
NewYorkKnicks,BrooklynNets,0.0,0.0,0.0,0.0,0.0,0
NewYorkKnicks,GoldenStateWarriors,0.0,0.0,0.0,0.0,0.0,1
NewYorkKnicks,NewOrleansPelicans,0.0,0.0,0.0,0.0,0.0,1
NewYorkKnicks,BostonCeltics,0.0,0.0,0.0,0.0,0.0,1
NewYorkKnicks,PhoenixSuns,0.0,0.0,0.0,0.0,0.0,0
NewYorkKnicks,ClevelandCavaliers,0.0,0.0,0.0,0.0,0.0,1
NewYorkKnicks,IndianaPacers,0.0,0.0,0.0,0.0,0.0,0
NewYorkKnicks,DenverNuggets,0.0,0.0,0.0,0.0,0.0,1
NewYorkKnicks,HoustonRockets,0.0,0.0,0.0,0.0,0.0,1
NewYorkKnicks,UtahJazz,0.0,0.0,0.0,0.0,0.0,0
NewYorkKnicks,SanAntonioSpurs,0.0,0.0,0.0,0.0,0.0,0
NewYorkKnicks,Philadelphia76ers,0.0,0.0,0.0,0.0,0.0,1
NewYorkKnicks,ChicagoBulls,0.0,0.0,0.0,0.0,0.0,1
NewYorkKnicks,WashingtonWizards,0.0,0.0,0.0,0.0,0.0,1
NewYorkKnicks,MilwaukeeBucks,0.0,0.0,0.0,0.0,0.0,0
NewYorkKnicks,LosAngelesClippers,0.0,0.0,0.0,0.0,0.0,1
ClevelandCavaliers,TorontoRaptors,0.0,0.0,0.0,0.0,0.0,0
ClevelandCavaliers,OklahomaCityThunder,0.0,0.0,0.0,0.0,0.0,1
ClevelandCavaliers,OrlandoMagic,0.0,0.0,0.0,0.0,0.0,1
ClevelandCavaliers,MemphisGrizzlies,0.0,0.0,0.0,0.0,0.0,1
ClevelandCavaliers,LosAngelesLakers,0.0,0.0,0.0,0.0,0.0,0
ClevelandCavaliers,SacramentoKings,0.0,0.0,0.0,0.0,0.0,1
ClevelandCavaliers,MiamiHeat,0.0,0.0,0.0,0.0,0.0,0
ClevelandCavaliers,CharlotteHornets,0.0,0.0,0.0,0.0,0.0,0
ClevelandCavaliers,DallasMavericks,0.0,0.0,0.0,0.0,0.0,0
ClevelandCavaliers,PortlandTrailblazers,0.0,0.0,0.0,0.0,0.0,0
ClevelandCavaliers,DetroitPistons,0.0,0.0,0.0,0.0,0.0,1
ClevelandCavaliers,AtlantaHawks,0.0,0.0,0.0,0.0,0.0,1
ClevelandCavaliers,BrooklynNets,0.0,0.0,0.0,0.0,0.0,0
ClevelandCavaliers,GoldenStateWarriors,0.0,0.0,0.0,0.0,0.0,0
ClevelandCavaliers,NewOrleansPelicans,0.0,0.0,0.0,0.0,0.0,0
ClevelandCavaliers,BostonCeltics,0.0,0.0,0.0,0.0,0.0,1
ClevelandCavaliers,PhoenixSuns,0.0,0.0,0.0,0.0,0.0,1
ClevelandCavaliers,NewYorkKnicks,0.0,0.0,0.0,0.0,0.0,1
ClevelandCavaliers,IndianaPacers,0.0,0.0,0.0,0.0,0.0,1
ClevelandCavaliers,DenverNuggets,0.0,0.0,0.0,0.0,0.0,1
ClevelandCavaliers,HoustonRockets,0.0,0.0,0.0,0.0,0.0,1
ClevelandCavaliers,UtahJazz,0.0,0.0,0.0,0.0,0.0,0
ClevelandCavaliers,SanAntonioSpurs,0.0,0.0,0.0,0.0,0.0,0
ClevelandCavaliers,Philadelphia76ers,0.0,0.0,0.0,0.0,0.0,0
ClevelandCavaliers,ChicagoBulls,0.0,0.0,0.0,0.0,0.0,0
ClevelandCavaliers,WashingtonWizards,0.0,0.0,0.0,0.0,0.0,1
ClevelandCavaliers,MilwaukeeBucks,0.0,0.0,0.0,0.0,0.0,0
ClevelandCavaliers,LosAngelesClippers,0.0,0.0,0.0,0.0,0.0,0
IndianaPacers,TorontoRaptors,0.0,0.0,0.0,0.0,0.0,0
IndianaPacers,OklahomaCityThunder,0.0,0.0,0.0,0.0,0.0,1
IndianaPacers,OrlandoMagic,0.0,0.0,0.0,0.0,0.0,0
IndianaPacers,MemphisGrizzlies,0.0,0.0,0.0,0.0,0.0,1
IndianaPacers,LosAngelesLakers,0.0,0.0,0.0,0.0,0.0,1
IndianaPacers,SacramentoKings,0.0,0.0,0.0,0.0,0.0,0
IndianaPacers,MiamiHeat,0.0,0.0,0.0,0.0,0.0,0
IndianaPacers,CharlotteHornets,0.0,0.0,0.0,0.0,0.0,1
IndianaPacers,DallasMavericks,0.0,0.0,0.0,0.0,0.0,0
IndianaPacers,PortlandTrailblazers,0.0,0.0,0.0,0.0,0.0,1
IndianaPacers,DetroitPistons,0.0,0.0,0.0,0.0,0.0,0
IndianaPacers,AtlantaHawks,0.0,0.0,0.0,0.0,0.0,1
IndianaPacers,BrooklynNets,0.0,0.0,0.0,0.0,0.0,0
IndianaPacers,GoldenStateWarriors,0.0,0.0,0.0,0.0,0.0,1
IndianaPacers,NewOrleansPelicans,0.0,0.0,0.0,0.0,0.0,1
IndianaPacers,BostonCeltics,0.0,0.0,0.0,0.0,0.0,1
IndianaPacers,PhoenixSuns,0.0,0.0,0.0,0.0,0.0,0
IndianaPacers,NewYorkKnicks,0.0,0.0,0.0,0.0,0.0,1
IndianaPacers,ClevelandCavaliers,0.0,0.0,0.0,0.0,0.0,0
IndianaPacers,DenverNuggets,0.0,0.0,0.0,0.0,0.0,0
IndianaPacers,HoustonRockets,0.0,0.0,0.0,0.0,0.0,0
IndianaPacers,UtahJazz,0.0,0.0,0.0,0.0,0.0,1
IndianaPacers,SanAntonioSpurs,0.0,0.0,0.0,0.0,0.0,0
IndianaPacers,Philadelphia76ers,0.0,0.0,0.0,0.0,0.0,1
IndianaPacers,ChicagoBulls,0.0,0.0,0.0,0.0,0.0,1
IndianaPacers,WashingtonWizards,0.0,0.0,0.0,0.0,0.0,0
IndianaPacers,MilwaukeeBucks,0.0,0.0,0.0,0.0,0.0,0
IndianaPacers,LosAngelesClippers,0.0,0.0,0.0,0.0,0.0,1
DenverNuggets,TorontoRaptors,0.0,0.0,0.0,0.0,0.0,0
DenverNuggets,OklahomaCityThunder,0.0,0.0,0.0,0.0,0.0,0
DenverNuggets,OrlandoMagic,0.0,0.0,0.0,0.0,0.0,0
DenverNuggets,MemphisGrizzlies,0.0,0.0,0.0,0.0,0.0,0
DenverNuggets,LosAngelesLakers,0.0,0.0,0.0,0.0,0.0,0
DenverNuggets,SacramentoKings,0.0,0.0,0.0,0.0,0.0,0
DenverNuggets,MiamiHeat,0.0,0.0,0.0,0.0,0.0,1
DenverNuggets,CharlotteHornets,0.0,0.0,0.0,0.0,0.0,1
DenverNuggets,DallasMavericks,0.0,0.0,0.0,0.0,0.0,0
DenverNuggets,PortlandTrailblazers,0.0,0.0,0.0,0.0,0.0,0
DenverNuggets,DetroitPistons,0.0,0.0,0.0,0.0,0.0,0
DenverNuggets,AtlantaHawks,0.0,0.0,0.0,0.0,0.0,1
DenverNuggets,BrooklynNets,0.0,0.0,0.0,0.0,0.0,0
DenverNuggets,GoldenStateWarriors,0.0,0.0,0.0,0.0,0.0,0
DenverNuggets,NewOrleansPelicans,0.0,0.0,0.0,0.0,0.0,0
DenverNuggets,BostonCeltics,0.0,0.0,0.0,0.0,0.0,0
DenverNuggets,PhoenixSuns,0.0,0.0,0.0,0.0,0.0,1
DenverNuggets,NewYorkKnicks,0.0,0.0,0.0,0.0,0.0,1
DenverNuggets,ClevelandCavaliers,0.0,0.0,0.0,0.0,0.0,0
DenverNuggets,IndianaPacers,0.0,0.0,0.0,0.0,0.0,0
DenverNuggets,HoustonRockets,0.0,0.0,0.0,0.0,0.0,0
DenverNuggets,UtahJazz,0.0,0.0,0.0,0.0,0.0,0
DenverNuggets,SanAntonioSpurs,0.0,0.0,0.0,0.0,0.0,0
DenverNuggets,Philadelphia76ers,0.0,0.0,0.0,0.0,0.0,0
DenverNuggets,ChicagoBulls,0.0,0.0,0.0,0.0,0.0,1
DenverNuggets,WashingtonWizards,0.0,0.0,0.0,0.0,0.0,1
DenverNuggets,MilwaukeeBucks,0.0,0.0,0.0,0.0,0.0,0
DenverNuggets,LosAngelesClippers,0.0,0.0,0.0,0.0,0.0,0
HoustonRockets,TorontoRaptors,0.0,0.0,0.0,0.0,0.0,0
HoustonRockets,OklahomaCityThunder,0.0,0.0,0.0,0.0,0.0,1
HoustonRockets,OrlandoMagic,0.0,0.0,0.0,0.0,0.0,1
HoustonRockets,MemphisGrizzlies,0.0,0.0,0.0,0.0,0.0,1
HoustonRockets,LosAngelesLakers,0.0,0.0,0.0,0.0,0.0,0
HoustonRockets,SacramentoKings,0.0,0.0,0.0,0.0,0.0,0
HoustonRockets,MiamiHeat,0.0,0.0,0.0,0.0,0.0,0
HoustonRockets,CharlotteHornets,0.0,0.0,0.0,0.0,0.0,0
HoustonRockets,DallasMavericks,0.0,0.0,0.0,0.0,0.0,0
HoustonRockets,PortlandTrailblazers,0.0,0.0,0.0,0.0,0.0,1
HoustonRockets,DetroitPistons,0.0,0.0,0.0,0.0,0.0,0
HoustonRockets,AtlantaHawks,0.0,0.0,0.0,0.0,0.0,0
HoustonRockets,BrooklynNets,0.0,0.0,0.0,0.0,0.0,1
HoustonRockets,GoldenStateWarriors,0.0,0.0,0.0,0.0,0.0,1
HoustonRockets,NewOrleansPelicans,0.0,0.0,0.0,0.0,0.0,1
HoustonRockets,BostonCeltics,0.0,0.0,0.0,0.0,0.0,0
HoustonRockets,PhoenixSuns,0.0,0.0,0.0,0.0,0.0,0
HoustonRockets,NewYorkKnicks,0.0,0.0,0.0,0.0,0.0,1
HoustonRockets,ClevelandCavaliers,0.0,0.0,0.0,0.0,0.0,1
HoustonRockets,IndianaPacers,0.0,0.0,0.0,0.0,0.0,0
HoustonRockets,DenverNuggets,0.0,0.0,0.0,0.0,0.0,1
HoustonRockets,UtahJazz,0.0,0.0,0.0,0.0,0.0,0
HoustonRockets,SanAntonioSpurs,0.0,0.0,0.0,0.0,0.0,1
HoustonRockets,Philadelphia76ers,0.0,0.0,0.0,0.0,0.0,1
HoustonRockets,ChicagoBulls,0.0,0.0,0.0,0.0,0.0,0
HoustonRockets,WashingtonWizards,0.0,0.0,0.0,0.0,0.0,0
HoustonRockets,MilwaukeeBucks,0.0,0.0,0.0,0.0,0.0,1
HoustonRockets,LosAngelesClippers,0.0,0.0,0.0,0.0,0.0,1
UtahJazz,TorontoRaptors,0.0,0.0,0.0,0.0,0.0,1
UtahJazz,OklahomaCityThunder,0.0,0.0,0.0,0.0,0.0,0
UtahJazz,OrlandoMagic,0.0,0.0,0.0,0.0,0.0,0
UtahJazz,MemphisGrizzlies,0.0,0.0,0.0,0.0,0.0,1
UtahJazz,LosAngelesLakers,0.0,0.0,0.0,0.0,0.0,0
UtahJazz,SacramentoKings,0.0,0.0,0.0,0.0,0.0,0
UtahJazz,MiamiHeat,0.0,0.0,0.0,0.0,0.0,0
UtahJazz,CharlotteHornets,0.0,0.0,0.0,0.0,0.0,0
UtahJazz,DallasMavericks,0.0,0.0,0.0,0.0,0.0,0
UtahJazz,PortlandTrailblazers,0.0,0.0,0.0,0.0,0.0,0
UtahJazz,DetroitPistons,0.0,0.0,0.0,0.0,0.0,1
UtahJazz,AtlantaHawks,0.0,0.0,0.0,0.0,0.0,1
UtahJazz,BrooklynNets,0.0,0.0,0.0,0.0,0.0,1
UtahJazz,GoldenStateWarriors,0.0,0.0,0.0,0.0,0.0,1
UtahJazz,NewOrleansPelicans,0.0,0.0,0.0,0.0,0.0,0
UtahJazz,BostonCeltics,0.0,0.0,0.0,0.0,0.0,0
UtahJazz,PhoenixSuns,0.0,0.0,0.0,0.0,0.0,0
UtahJazz,NewYorkKnicks,0.0,0.0,0.0,0.0,0.0,1
UtahJazz,ClevelandCavaliers,0.0,0.0,0.0,0.0,0.0,1
UtahJazz,IndianaPacers,0.0,0.0,0.0,0.0,0.0,0
UtahJazz,DenverNuggets,0.0,0.0,0.0,0.0,0.0,1
UtahJazz,HoustonRockets,0.0,0.0,0.0,0.0,0.0,1
UtahJazz,SanAntonioSpurs,0.0,0.0,0.0,0.0,0.0,0
UtahJazz,Philadelphia76ers,0.0,0.0,0.0,0.0,0.0,1
UtahJazz,ChicagoBulls,0.0,0.0,0.0,0.0,0.0,0
UtahJazz,WashingtonWizards,0.0,0.0,0.0,0.0,0.0,0
UtahJazz,MilwaukeeBucks,0.0,0.0,0.0,0.0,0.0,1
UtahJazz,LosAngelesClippers,0.0,0.0,0.0,0.0,0.0,1
SanAntonioSpurs,TorontoRaptors,0.0,0.0,0.0,0.0,0.0,0
SanAntonioSpurs,OklahomaCityThunder,0.0,0.0,0.0,0.0,0.0,1
SanAntonioSpurs,OrlandoMagic,0.0,0.0,0.0,0.0,0.0,1
SanAntonioSpurs,MemphisGrizzlies,0.0,0.0,0.0,0.0,0.0,1
SanAntonioSpurs,LosAngelesLakers,0.0,0.0,0.0,0.0,0.0,0
SanAntonioSpurs,SacramentoKings,0.0,0.0,0.0,0.0,0.0,0
SanAntonioSpurs,MiamiHeat,0.0,0.0,0.0,0.0,0.0,0
SanAntonioSpurs,CharlotteHornets,0.0,0.0,0.0,0.0,0.0,0
SanAntonioSpurs,DallasMavericks,0.0,0.0,0.0,0.0,0.0,0
SanAntonioSpurs,PortlandTrailblazers,0.0,0.0,0.0,0.0,0.0,0
SanAntonioSpurs,DetroitPistons,0.0,0.0,0.0,0.0,0.0,1
SanAntonioSpurs,AtlantaHawks,0.0,0.0,0.0,0.0,0.0,0
SanAntonioSpurs,BrooklynNets,0.0,0.0,0.0,0.0,0.0,1
SanAntonioSpurs,GoldenStateWarriors,0.0,0.0,0.0,0.0,0.0,1
SanAntonioSpurs,NewOrleansPelicans,0.0,0.0,0.0,0.0,0.0,0
SanAntonioSpurs,BostonCeltics,0.0,0.0,0.0,0.0,0.0,1
SanAntonioSpurs,PhoenixSuns,0.0,0.0,0.0,0.0,0.0,0
SanAntonioSpurs,NewYorkKnicks,0.0,0.0,0.0,0.0,0.0,1
SanAntonioSpurs,ClevelandCavaliers,0.0,0.0,0.0,0.0,0.0,1
SanAntonioSpurs,IndianaPacers,0.0,0.0,0.0,0.0,0.0,0
SanAntonioSpurs,DenverNuggets,0.0,0.0,0.0,0.0,0.0,1
SanAntonioSpurs,HoustonRockets,0.0,0.0,0.0,0.0,0.0,0
SanAntonioSpurs,UtahJazz,0.0,0.0,0.0,0.0,0.0,1
SanAntonioSpurs,Philadelphia76ers,0.0,0.0,0.0,0.0,0.0,1
SanAntonioSpurs,ChicagoBulls,0.0,0.0,0.0,0.0,0.0,0
SanAntonioSpurs,WashingtonWizards,0.0,0.0,0.0,0.0,0.0,1
SanAntonioSpurs,MilwaukeeBucks,0.0,0.0,0.0,0.0,0.0,1
SanAntonioSpurs,LosAngelesClippers,0.0,0.0,0.0,0.0,0.0,0
Philadelphia76ers,TorontoRaptors,0.0,0.0,0.0,0.0,0.0,1
Philadelphia76ers,OklahomaCityThunder,0.0,0.0,0.0,0.0,0.0,1
Philadelphia76ers,OrlandoMagic,0.0,0.0,0.0,0.0,0.0,1
Philadelphia76ers,MemphisGrizzlies,0.0,0.0,0.0,0.0,0.0,1
Philadelphia76ers,LosAngelesLakers,0.0,0.0,0.0,0.0,0.0,1
Philadelphia76ers,SacramentoKings,0.0,0.0,0.0,0.0,0.0,0
Philadelphia76ers,MiamiHeat,0.0,0.0,0.0,0.0,0.0,1
Philadelphia76ers,CharlotteHornets,0.0,0.0,0.0,0.0,0.0,0
Philadelphia76ers,DallasMavericks,0.0,0.0,0.0,0.0,0.0,0
Philadelphia76ers,PortlandTrailblazers,0.0,0.0,0.0,0.0,0.0,0
Philadelphia76ers,DetroitPistons,0.0,0.0,0.0,0.0,0.0,0
Philadelphia76ers,AtlantaHawks,0.0,0.0,0.0,0.0,0.0,0
Philadelphia76ers,BrooklynNets,0.0,0.0,0.0,0.0,0.0,1
Philadelphia76ers,GoldenStateWarriors,0.0,0.0,0.0,0.0,0.0,1
Philadelphia76ers,NewOrleansPelicans,0.0,0.0,0.0,0.0,0.0,1
Philadelphia76ers,BostonCeltics,0.0,0.0,0.0,0.0,0.0,0
Philadelphia76ers,PhoenixSuns,0.0,0.0,0.0,0.0,0.0,0
Philadelphia76ers,NewYorkKnicks,0.0,0.0,0.0,0.0,0.0,1
Philadelphia76ers,ClevelandCavaliers,0.0,0.0,0.0,0.0,0.0,0
Philadelphia76ers,IndianaPacers,0.0,0.0,0.0,0.0,0.0,0
Philadelphia76ers,DenverNuggets,0.0,0.0,0.0,0.0,0.0,0
Philadelphia76ers,HoustonRockets,0.0,0.0,0.0,0.0,0.0,0
Philadelphia76ers,UtahJazz,0.0,0.0,0.0,0.0,0.0,1
Philadelphia76ers,SanAntonioSpurs,0.0,0.0,0.0,0.0,0.0,1
Philadelphia76ers,ChicagoBulls,0.0,0.0,0.0,0.0,0.0,1
Philadelphia76ers,WashingtonWizards,0.0,0.0,0.0,0.0,0.0,0
Philadelphia76ers,MilwaukeeBucks,0.0,0.0,0.0,0.0,0.0,0
Philadelphia76ers,LosAngelesClippers,0.0,0.0,0.0,0.0,0.0,1
ChicagoBulls,TorontoRaptors,0.0,0.0,0.0,0.0,0.0,0
ChicagoBulls,OklahomaCityThunder,0.0,0.0,0.0,0.0,0.0,0
ChicagoBulls,OrlandoMagic,0.0,0.0,0.0,0.0,0.0,1
ChicagoBulls,MemphisGrizzlies,0.0,0.0,0.0,0.0,0.0,0
ChicagoBulls,LosAngelesLakers,0.0,0.0,0.0,0.0,0.0,0
ChicagoBulls,SacramentoKings,0.0,0.0,0.0,0.0,0.0,0
ChicagoBulls,MiamiHeat,0.0,0.0,0.0,0.0,0.0,0
ChicagoBulls,CharlotteHornets,0.0,0.0,0.0,0.0,0.0,0
ChicagoBulls,DallasMavericks,0.0,0.0,0.0,0.0,0.0,1
ChicagoBulls,PortlandTrailblazers,0.0,0.0,0.0,0.0,0.0,0
ChicagoBulls,DetroitPistons,0.0,0.0,0.0,0.0,0.0,0
ChicagoBulls,AtlantaHawks,0.0,0.0,0.0,0.0,0.0,0
ChicagoBulls,BrooklynNets,0.0,0.0,0.0,0.0,0.0,1
ChicagoBulls,GoldenStateWarriors,0.0,0.0,0.0,0.0,0.0,0
ChicagoBulls,NewOrleansPelicans,0.0,0.0,0.0,0.0,0.0,1
ChicagoBulls,BostonCeltics,0.0,0.0,0.0,0.0,0.0,1
ChicagoBulls,PhoenixSuns,0.0,0.0,0.0,0.0,0.0,1
ChicagoBulls,NewYorkKnicks,0.0,0.0,0.0,0.0,0.0,1
ChicagoBulls,ClevelandCavaliers,0.0,0.0,0.0,0.0,0.0,0
ChicagoBulls,IndianaPacers,0.0,0.0,0.0,0.0,0.0,1
ChicagoBulls,DenverNuggets,0.0,0.0,0.0,0.0,0.0,0
ChicagoBulls,HoustonRockets,0.0,0.0,0.0,0.0,0.0,1
ChicagoBulls,UtahJazz,0.0,0.0,0.0,0.0,0.0,1
ChicagoBulls,SanAntonioSpurs,0.0,0.0,0.0,0.0,0.0,0
ChicagoBulls,Philadelphia76ers,0.0,0.0,0.0,0.0,0.0,1
ChicagoBulls,WashingtonWizards,0.0,0.0,0.0,0.0,0.0,0
ChicagoBulls,MilwaukeeBucks,0.0,0.0,0.0,0.0,0.0,0
ChicagoBulls,LosAngelesClippers,0.0,0.0,0.0,0.0,0.0,0
WashingtonWizards,TorontoRaptors,0.0,0.0,0.0,0.0,0.0,0
WashingtonWizards,OklahomaCityThunder,0.0,0.0,0.0,0.0,0.0,0
WashingtonWizards,OrlandoMagic,0.0,0.0,0.0,0.0,0.0,0
WashingtonWizards,MemphisGrizzlies,0.0,0.0,0.0,0.0,0.0,0
WashingtonWizards,LosAngelesLakers,0.0,0.0,0.0,0.0,0.0,1
WashingtonWizards,SacramentoKings,0.0,0.0,0.0,0.0,0.0,0
WashingtonWizards,MiamiHeat,0.0,0.0,0.0,0.0,0.0,0
WashingtonWizards,CharlotteHornets,0.0,0.0,0.0,0.0,0.0,1
WashingtonWizards,DallasMavericks,0.0,0.0,0.0,0.0,0.0,1
WashingtonWizards,PortlandTrailblazers,0.0,0.0,0.0,0.0,0.0,1
WashingtonWizards,DetroitPistons,0.0,0.0,0.0,0.0,0.0,0
WashingtonWizards,AtlantaHawks,0.0,0.0,0.0,0.0,0.0,1
WashingtonWizards,BrooklynNets,0.0,0.0,0.0,0.0,0.0,0
WashingtonWizards,GoldenStateWarriors,0.0,0.0,0.0,0.0,0.0,0
WashingtonWizards,NewOrleansPelicans,0.0,0.0,0.0,0.0,0.0,1
WashingtonWizards,BostonCeltics,0.0,0.0,0.0,0.0,0.0,0
WashingtonWizards,PhoenixSuns,0.0,0.0,0.0,0.0,0.0,0
WashingtonWizards,NewYorkKnicks,0.0,0.0,0.0,0.0,0.0,0
WashingtonWizards,ClevelandCavaliers,0.0,0.0,0.0,0.0,0.0,1
WashingtonWizards,IndianaPacers,0.0,0.0,0.0,0.0,0.0,0
WashingtonWizards,DenverNuggets,0.0,0.0,0.0,0.0,0.0,1
WashingtonWizards,HoustonRockets,0.0,0.0,0.0,0.0,0.0,0
WashingtonWizards,UtahJazz,0.0,0.0,0.0,0.0,0.0,1
WashingtonWizards,SanAntonioSpurs,0.0,0.0,0.0,0.0,0.0,1
WashingtonWizards,Philadelphia76ers,0.0,0.0,0.0,0.0,0.0,0
WashingtonWizards,ChicagoBulls,0.0,0.0,0.0,0.0,0.0,1
WashingtonWizards,MilwaukeeBucks,0.0,0.0,0.0,0.0,0.0,1
WashingtonWizards,LosAngelesClippers,0.0,0.0,0.0,0.0,0.0,1
MilwaukeeBucks,TorontoRaptors,0.0,0.0,0.0,0.0,0.0,0
MilwaukeeBucks,OklahomaCityThunder,0.0,0.0,0.0,0.0,0.0,1
MilwaukeeBucks,OrlandoMagic,0.0,0.0,0.0,0.0,0.0,1
MilwaukeeBucks,MemphisGrizzlies,0.0,0.0,0.0,0.0,0.0,0
MilwaukeeBucks,LosAngelesLakers,0.0,0.0,0.0,0.0,0.0,0
MilwaukeeBucks,SacramentoKings,0.0,0.0,0.0,0.0,0.0,0
MilwaukeeBucks,MiamiHeat,0.0,0.0,0.0,0.0,0.0,1
MilwaukeeBucks,CharlotteHornets,0.0,0.0,0.0,0.0,0.0,1
MilwaukeeBucks,DallasMavericks,0.0,0.0,0.0,0.0,0.0,0
MilwaukeeBucks,PortlandTrailblazers,0.0,0.0,0.0,0.0,0.0,0
MilwaukeeBucks,DetroitPistons,0.0,0.0,0.0,0.0,0.0,0
MilwaukeeBucks,AtlantaHawks,0.0,0.0,0.0,0.0,0.0,1
MilwaukeeBucks,BrooklynNets,0.0,0.0,0.0,0.0,0.0,0
MilwaukeeBucks,GoldenStateWarriors,0.0,0.0,0.0,0.0,0.0,0
MilwaukeeBucks,NewOrleansPelicans,0.0,0.0,0.0,0.0,0.0,1
MilwaukeeBucks,BostonCeltics,0.0,0.0,0.0,0.0,0.0,0
MilwaukeeBucks,PhoenixSuns,0.0,0.0,0.0,0.0,0.0,1
MilwaukeeBucks,NewYorkKnicks,0.0,0.0,0.0,0.0,0.0,0
MilwaukeeBucks,ClevelandCavaliers,0.0,0.0,0.0,0.0,0.0,1
MilwaukeeBucks,IndianaPacers,0.0,0.0,0.0,0.0,0.0,1
MilwaukeeBucks,DenverNuggets,0.0,0.0,0.0,0.0,0.0,0
MilwaukeeBucks,HoustonRockets,0.0,0.0,0.0,0.0,0.0,0
MilwaukeeBucks,UtahJazz,0.0,0.0,0.0,0.0,0.0,0
MilwaukeeBucks,SanAntonioSpurs,0.0,0.0,0.0,0.0,0.0,1
MilwaukeeBucks,Philadelphia76ers,0.0,0.0,0.0,0.0,0.0,1
MilwaukeeBucks,ChicagoBulls,0.0,0.0,0.0,0.0,0.0,1
MilwaukeeBucks,WashingtonWizards,0.0,0.0,0.0,0.0,0.0,1
MilwaukeeBucks,LosAngelesClippers,0.0,0.0,0.0,0.0,0.0,1
LosAngelesClippers,TorontoRaptors,0.0,0.0,0.0,0.0,0.0,1
LosAngelesClippers,OklahomaCityThunder,0.0,0.0,0.0,0.0,0.0,1
LosAngelesClippers,OrlandoMagic,0.0,0.0,0.0,0.0,0.0,1
LosAngelesClippers,MemphisGrizzlies,0.0,0.0,0.0,0.0,0.0,0
LosAngelesClippers,LosAngelesLakers,0.0,0.0,0.0,0.0,0.0,0
LosAngelesClippers,SacramentoKings,0.0,0.0,0.0,0.0,0.0,0
LosAngelesClippers,MiamiHeat,0.0,0.0,0.0,0.0,0.0,1
LosAngelesClippers,CharlotteHornets,0.0,0.0,0.0,0.0,0.0,1
LosAngelesClippers,DallasMavericks,0.0,0.0,0.0,0.0,0.0,0
LosAngelesClippers,PortlandTrailblazers,0.0,0.0,0.0,0.0,0.0,0
LosAngelesClippers,DetroitPistons,0.0,0.0,0.0,0.0,0.0,0
LosAngelesClippers,AtlantaHawks,0.0,0.0,0.0,0.0,0.0,0
LosAngelesClippers,BrooklynNets,0.0,0.0,0.0,0.0,0.0,1
LosAngelesClippers,GoldenStateWarriors,0.0,0.0,0.0,0.0,0.0,1
LosAngelesClippers,NewOrleansPelicans,0.0,0.0,0.0,0.0,0.0,0
LosAngelesClippers,BostonCeltics,0.0,0.0,0.0,0.0,0.0,1
LosAngelesClippers,PhoenixSuns,0.0,0.0,0.0,0.0,0.0,0
LosAngelesClippers,NewYorkKnicks,0.0,0.0,0.0,0.0,0.0,0
LosAngelesClippers,ClevelandCavaliers,0.0,0.0,0.0,0.0,0.0,0
LosAngelesClippers,IndianaPacers,0.0,0.0,0.0,0.0,0.0,1
LosAngelesClippers,DenverNuggets,0.0,0.0,0.0,0.0,0.0,1
LosAngelesClippers,HoustonRockets,0.0,0.0,0.0,0.0,0.0,0
LosAngelesClippers,UtahJazz,0.0,0.0,0.0,0.0,0.0,1
LosAngelesClippers,SanAntonioSpurs,0.0,0.0,0.0,0.0,0.0,1
LosAngelesClippers,Philadelphia76ers,0.0,0.0,0.0,0.0,0.0,1
LosAngelesClippers,ChicagoBulls,0.0,0.0,0.0,0.0,0.0,0
LosAngelesClippers,WashingtonWizards,0.0,0.0,0.0,0.0,0.0,0
LosAngelesClippers,MilwaukeeBucks,0.0,0.0,0.0,0.0,0.0,0
